sites,pcr_seq,target,pam
on,CTGGTGGAGTATTTGATAGTGTATTAACCTTATGTGTGACATGTTCTAATATAGTCACATTTTCATTATTTTTATTATAAGGCCTGCTGAAAATGACTGAATATAAACTTGTGGTAGTTGGAGCTGGTGGCGTAGGCAAGAGTGCCTTGACGATACAGCTAATTCAGAATCATTTTGTGGACGAAT,CTTGTGGTAGTTGGAGCTGG,TGG
off1,AATCCCAGCCCACTGCTTTGAGTTCCTCATCCGTTTCTATACCAGAGTCCAGCCATGTCTTCTTTCTAGTTTATCCCTCATTGATGTAGTTGGAGCTAGAAGAATGCCCTGTGAATTCACAGTCATTTGGGGCTGAGATTAAAGAATAGAAGTTGACATTGGGTGGGCCGGGACTCTTGGCCGGGTGCTGGGGAGGGATT,ATTGATGTAGTTGGAGCTAG,AAG
off2,TGGTTATGTTTCCTTTTTGACTGCTCAGTTTGCTGTAACTGGTGAGCTTGCTTTTAGAAGTTGGAGCTAGAAGCATCTTAAAGATGATCTAATTTTGTAACCCCCAGACTTGGTAAATCATGATACTCACCCGGGGGGTATTTAATACAAGTCCTATTCCTGGGCCCAGGCCCAGATCCACTGTATCAGAATCTCCAGGG,CTTTTAGAAGTTGGAGCTAG,AAG
off3,GCACAGAAGAACAGCAGCGAGGTAGAGACCCACTCTGGCCGGGGGTTACCAGGCTGGTGGGAGTTGGAGCTAAGGGAGCAGGGTGGAGGGGGAAGCCAGGACTGGAGATGGGTGATGGGGGGATGAGGAAAGGGGAAGAGTAGGAATGGAGCCCAATTTTCAACCCTTTCCACTTGGGGCTGATGAGATTTTTTATGG,CTGGTGGGAGTTGGAGCTAA,GGG
off4,TTGTCTCTGCCCTTATGGATTGCTACATTTTTCCTTCTGAAGAGCTTTCTAGTTTAATGGTGACTTGAGGTGTTTGGAGCTAGAAGTCTGAACTTCTGAAAAGATTGAAAGTGCCTGGAAACCATCTGAGAGGCAATCCAGTCAAGGTGGCCTCCCTTCTCTATGTGCTCAGGACAAATGCTTTTCTCTTGG,CTTGAGGTGTTTGGAGCTAG,AAG
off5,GCAGGATGTAGATGTGGGTAAGGTACCAGCTCAAACACAATAAGCCTGTGCCGGTAGTTGGAGCTAGAGGTTCAGATTCACACAGATGGATTTATTTAACAAAAATCTTGCTATTGTCACCAGCACTATTGTTCGTACCTGCCGTGTTCCCACGACCTTTACCACCTAAT,GTGCCGGTAGTTGGAGCTAG,AGG
off6,CAGGTGAAAGAAATCGTTAGGGACACAGTTGGGAACTGGGGCAAGTTGGAGCTAGCAGAATTAACAGTAAGAACTTCCTTGTATTGAAAGTATTCCGTGTGCCAGGAACTGTTTGT,CTGGGGCAAGTTGGAGCTAG,CAG
off7,AGGTTATGTGGCTTATTCAAGGTCATACATCATGTAAGTGGTAGAGCTGGGTTTTAAACCAAGAGGTTTGCTTGCAGGGCCTGAACTTGTGGAATTTTGAGCTAGCAGGATTTCTAGAGGTCATGTCACTGAGATCCAGAGAAGTTATATAACTTTCCAATAGTCACATAGAAGGTTACGAC,CTTGTGGAATTTTGAGCTAG,CAG
off8,CCTGAAGAGATGGGTGTATTTTGGAAAGTGAGACAGGCTTGCGTCACTTGGAGCTAGTAGGTTGATGAAGATACCTCACACTTGTATTGTGCTTTAAGATTTACAAAAAAATGTGCATTTCCGTGATCAAAACCCCAGGAGGTAGAAAGGCTTA,CTTGCGTCACTTGGAGCTAG,TAG
off9,CCACAAAGAAATGAGAAACAGTATAAAGTCATTGTAGGAATGAAGAATCAGTGACTTTTGAACACTAATATTAATATAACCTGAGTTGTGCCTTCGGGCTGTTGGAGCTAGAGGATTTTGATGCTCTGACTCAGGTATCATTTGAATGATGCCAGTAATAAATTCTGGGATAATACTTAGGGGTTA,CTTCGGGCTGTTGGAGCTAG,AGG
off10,GTCACACAGTCAGTGGCAGAGAAGAGATCACATGTCCTCGCCAGTAGCTGGAGAAGCCCAGCTTCCTCTCCAGGTAGCTGGAGCTAGAGGAAGGGGCTGTCTCTCTTCTCCACTAGCGCCGCCAGCTGCCACCCTGTGCCTGTACTGT,CTCCAGGTAGCTGGAGCTAG,AGG
off11,GTGAGGCAAGGAAGTTTGATTTTATCTTTCATGGAATGGGGAATACATTGACAGAAATTAAAGAAGTAATTGAAAAGGTTACAATTATGCTTAAGGAAGATGGAGCTAGAAGTATTATATGGGATGGATTAGAGAAAGCAGAGACTGGAGATAGAGAA,CTTAAGGAAGATGGAGCTAG,AAG
off12,GGATAAGAGCACTTGGGCAGAGGTGGAGATGATGGTGCTGGTGGTGGTTGGAGATAGGGGTATTTTGGTTAAATGCACCTAAGGCAGTGTACACTTACCAGGCTGGTGGCCTTTAGAATGTATCTATAAAATTGCCTTGCAGTCCTTTCCTCCCGCCATTCCATGACACTGGTTCTCCTTTGCTTATTTCCTACAGTT,CTGGTGGTGGTTGGAGATAG,GGG
off13,CACACAAAATCCATAAAATCGGTCATGGGAATTCTCAGAATAGGCCTAAGTATTCTTTCAGAAGTGATGGAACATAGCTGTTCACGAGTTCCATGTGGCATTTGGAGCTATGGGCTTTCGGTTTTTGCTTTGCTTTGTTTTCCAAGTCACGACTGGGTGTACCATTCTTGTAGC,CATGTGGCATTTGGAGCTAT,GGG
off14,CTGAACTAAAGAAGGAACTGCCGCCCAGGGAAGTGAGCCCTCTGGAGGTAGTTGGAGCCAGGAGTGTGCTGTCTGGCAAGGGGGCCCTGCCAGGGAAGGGGGTGCTGCAGCCTGCTCCCTCACGGGCCCTAGGCACCCTCCGGCAGGACCGAGCCGAACGACGGGAGT,CTGGAGGTAGTTGGAGCCAG,GAG
